club,ein,fy_end,total_revenue,total_expenses,program_service_share,contributions,top_comp_name,top_comp_title,top_comp_reportable,top_comp_other
Arlington Soccer Association,23-7284150,2025-06,10890449,10551382,0.897,815301,Mohamed Tayari,Director of Coaching,177557,
Loudoun Soccer,54-1076172,2025-05,7842651,8940229,,,Mark Ryan,CEO,237993,
Alexandria Soccer Association,54-0902413,2025-06,7286737,6560658,,,Thomas Park,Executive Director,374075,18949
Bethesda Soccer Club,52-1223186,2025-08,6564798,6928501,0.888,327987,Jonathon Colton,Executive Director,207262,
Springfield/South County Youth Club,54-0938972,2025-06,5229193,4884054,,,Dorothy Talbott,General Manager,183243,17814
DC Soccer Club (Stoddert),52-1340436,2025-07,4870669,4858366,,,Gregory Andrulis,Executive Director,170000,5400
Prince William Soccer Inc.,54-1101179,2025-06,4641062,4155749,,,Quan Phan,Executive Director,112997,
Montgomery Soccer Inc.,23-7327918,2024-12,4488877,6806926,,,Gus Delgado,Executive Director,205000,
Vienna Youth Soccer,54-1004923,2025-06,3868248,3861343,,,Kevin James,Executive Director,177528,
Maryland United FC,83-0574699,2024-12,3591749,3609607,,,,(no paid officers listed),,
McLean Youth Soccer,80-0015698,2025-06,3579252,3656978,0.907,234975,Louise Waxler,Executive Director,181628,24967
FC Frederick,61-1441486,2025-06,3311564,1797648,,1094808,Robert Eskay,ED/VP,128640,
Braddock Road Youth Club,54-1015722,2024-12,3139608,2558416,,,Michelle Dolansky,VP,18000,
Great Falls Reston SC,51-0226159,2024-12,2774491,2870625,,,Richard Shelton,Executive Director,140000,
